Location,2008.0,2009.0,2010.0,2011.0,2012.0,2013.0,2014.0,2015.0,2016.0,2017.0,Max_Year,Max,Mean
Abbot,N/R,N/R,N/R,N/R,N/R,N/R,N/R,N/R,0.0,N/R,2016.0,0.0,0.0
Acton,42.1,41.8,40.9,120.9,0.0,160.0,39.4,198.6,78.1,195.2,2015.0,198.6,91.7
Addison,N/R,0.0,N/R,0.0,0.0,0.0,N/R,N/R,0.0,485.4,2017.0,485.4,80.89999999999999
Albion,47.1,0.0,0.0,48.5,97.6,98.1,48.6,147.4,487.8,439.0,2016.0,487.8,141.41
Alexander,N/R,0.0,N/R,0.0,0.0,0.0,0.0,0.0,N/R,0.0,2009.0,0.0,0.0
Alfred,138.8,102.4,99.4,197.2,65.5,98.4,228.7,32.7,32.5,162.3,2014.0,228.7,115.79
Allagash,N/R,N/R,N/R,N/R,N/R,N/R,0.0,N/R,0.0,0.0,2014.0,0.0,0.0
Alna,N/R,0.0,N/R,N/R,N/R,N/R,0.0,N/R,N/R,N/R,2009.0,0.0,0.0
Alton,0.0,N/R,0.0,0.0,0.0,0.0,0.0,0.0,0.0,0.0,2008.0,0.0,0.0
Amherst,0.0,0.0,0.0,0.0,0.0,0.0,0.0,0.0,0.0,0.0,2008.0,0.0,0.0
Amity,N/R,N/R,N/R,N/R,N/R,N/R,0.0,N/R,0.0,0.0,2014.0,0.0,0.0
Andover,0.0,0.0,0.0,0.0,0.0,0.0,0.0,0.0,0.0,0.0,2008.0,0.0,0.0
Anson,0.0,0.0,39.8,0.0,0.0,40.2,0.0,0.0,0.0,122.4,2017.0,122.4,20.240000000000002
Appleton,0.0,0.0,N/R,N/R,N/R,447.8,N/R,N/R,N/R,N/R,2013.0,447.8,149.26666666666668
Argyle Twp,0.0,N/R,0.0,0.0,0.0,0.0,0.0,0.0,0.0,0.0,2008.0,0.0,0.0
Arrowsic,N/R,N/R,N/R,N/R,N/R,N/R,N/R,N/R,N/R,N/R,N/R,N/R,N/R
Arundel,175.3,176.3,74.6,74.5,98.2,98.8,122.0,48.9,24.3,48.7,2009.0,176.3,94.16
Ashland,N/R,N/R,N/R,N/R,N/R,N/R,N/R,N/R,0.0,0.0,2016.0,0.0,0.0
Athens,0.0,0.0,0.0,0.0,0.0,N/R,0.0,0.0,0.0,N/R,2008.0,0.0,0.0
Atkinson,N/R,N/R,N/R,N/R,N/R,N/R,N/R,N/R,0.0,0.0,2016.0,0.0,0.0
Auburn,39.5,56.5,47.7,69.6,39.3,48.1,74.7,43.6,57.5,79.6,2017.0,79.6,55.61
Augusta,65.2,95.4,31.4,79.5,95.3,133.6,123.4,130.3,136.1,152.4,2017.0,152.4,104.26000000000002
Aurora,0.0,0.0,0.0,0.0,0.0,N/R,0.0,0.0,0.0,0.0,2008.0,0.0,0.0
Avon,0.0,0.0,0.0,0.0,0.0,0.0,0.0,0.0,0.0,0.0,2008.0,0.0,0.0
Baileyville,N/R,0.0,N/R,0.0,0.0,0.0,0.0,0.0,0.0,0.0,2009.0,0.0,0.0
Baldwin,N/R,0.0,N/R,N/R,N/R,N/R,N/R,N/R,N/R,N/R,2009.0,0.0,0.0
Bancroft Twp,N/R,N/R,N/R,N/R,N/R,N/R,0.0,N/R,0.0,0.0,2014.0,0.0,0.0
Bangor,3.2,N/R,12.1,3.1,6.1,33.9,15.3,27.6,39.9,46.1,2017.0,46.1,20.811111111111114
Bar Harbor,78.0,267.2,171.9,153.6,153.3,133.4,272.1,289.9,388.5,407.9,2017.0,407.9,231.58
Baring Plt,N/R,0.0,N/R,0.0,0.0,0.0,0.0,0.0,0.0,0.0,2009.0,0.0,0.0
Bath,78.1,115.8,82.2,59.2,59.4,119.7,119.8,35.9,108.3,96.3,2014.0,119.8,87.46999999999998
Beals,N/R,0.0,N/R,0.0,0.0,0.0,0.0,0.0,0.0,0.0,2009.0,0.0,0.0
Beaver Cove,N/R,N/R,N/R,N/R,N/R,N/R,N/R,N/R,0.0,0.0,2016.0,0.0,0.0
Beddington,N/R,N/R,N/R,0.0,0.0,N/R,N/R,N/R,N/R,N/R,2011.0,0.0,0.0
Belfast,15.0,44.9,30.0,153.5,121.2,105.8,76.1,151.1,153.5,230.2,2017.0,230.2,108.13
Belgrade,91.7,154.6,0.0,343.2,62.6,251.8,125.7,189.8,344.3,250.4,2016.0,344.3,181.41000000000003
Belmont,0.0,0.0,N/R,N/R,0.0,N/R,N/R,N/R,0.0,N/R,2008.0,0.0,0.0
Benton,0.0,36.8,0.0,72.9,36.7,110.7,74.0,36.9,73.2,329.5,2017.0,329.5,77.07000000000001
Berwick,157.3,109.0,124.2,94.9,134.0,183.3,120.0,118.7,78.2,65.1,2013.0,183.3,118.47
Bethel,0.0,0.0,0.0,0.0,38.2,115.0,0.0,38.0,37.9,113.8,2013.0,115.0,34.29
Biddeford,79.9,42.3,56.4,60.7,74.7,55.4,64.7,18.3,27.1,40.7,2008.0,79.9,52.02
Bingham,0.0,0.0,0.0,0.0,0.0,N/R,0.0,0.0,0.0,N/R,2008.0,0.0,0.0
Blaine,N/R,N/R,N/R,N/R,N/R,N/R,0.0,N/R,0.0,0.0,2014.0,0.0,0.0
Blanchard Twp,N/R,N/R,N/R,N/R,N/R,N/R,N/R,N/R,0.0,0.0,2016.0,0.0,0.0
Blue Hill,0.0,0.0,37.2,74.2,149.4,299.0,637.2,380.7,419.5,457.7,2014.0,637.2,245.49
Boothbay,31.1,0.0,0.0,32.5,161.6,161.7,64.6,131.1,97.6,130.2,2013.0,161.7,81.04
Boothbay Harbor,0.0,0.0,0.0,0.0,0.0,48.1,143.7,96.8,147.5,147.5,2016.0,147.5,58.36
Bowdoin,66.8,99.8,163.3,194.9,227.0,194.9,226.1,159.8,383.9,255.9,2016.0,383.9,197.24
Bowdoinham,356.4,388.8,242.3,310.7,345.7,451.5,276.8,204.5,337.7,574.1,2017.0,574.1,348.84999999999997
Bowerbank,N/R,N/R,N/R,N/R,N/R,N/R,N/R,N/R,0.0,0.0,2016.0,0.0,0.0
Bradford,0.0,N/R,0.0,0.0,0.0,0.0,0.0,0.0,0.0,0.0,2008.0,0.0,0.0
Bradley,0.0,N/R,0.0,0.0,0.0,0.0,N/R,N/R,0.0,N/R,2008.0,0.0,0.0
Bremen,N/R,0.0,0.0,0.0,N/R,N/R,N/R,N/R,N/R,N/R,2009.0,0.0,0.0
Brewer,0.0,N/R,0.0,10.6,21.3,21.4,32.1,54.4,119.9,65.4,2016.0,119.9,36.12222222222223
Bridgewater,N/R,N/R,N/R,N/R,N/R,N/R,0.0,N/R,0.0,0.0,2014.0,0.0,0.0
Bridgton,19.2,19.0,19.2,115.0,57.8,115.7,76.0,115.8,57.4,210.6,2017.0,210.6,80.57000000000001
Brighton Plt,0.0,0.0,0.0,0.0,0.0,0.0,0.0,0.0,0.0,0.0,2008.0,0.0,0.0
Bristol,72.7,181.2,108.9,257.7,147.7,333.0,701.4,599.5,406.1,147.7,2014.0,701.4,295.59000000000003
Brooklin,0.0,0.0,0.0,N/R,0.0,N/R,N/R,N/R,850.5,N/R,2016.0,850.5,170.1
Brooks,N/R,0.0,N/R,0.0,N/R,0.0,N/R,N/R,0.0,N/R,2009.0,0.0,0.0
Brooksville,0.0,0.0,0.0,N/R,0.0,N/R,N/R,N/R,N/R,N/R,2008.0,0.0,0.0
Brownfield,N/R,0.0,N/R,N/R,N/R,N/R,N/R,0.0,N/R,N/R,2009.0,0.0,0.0
Brownville,N/R,N/R,N/R,N/R,N/R,N/R,N/R,N/R,0.0,N/R,2016.0,0.0,0.0
Brunswick,63.8,127.7,74.0,122.5,92.5,122.0,135.9,87.0,124.8,76.8,2014.0,135.9,102.7
Buckfield,N/R,0.0,49.8,98.5,99.4,49.4,0.0,0.0,0.0,49.7,2012.0,99.4,38.53333333333333
Bucksport,40.7,100.7,121.9,203.0,242.5,220.7,263.2,204.4,163.8,368.5,2017.0,368.5,192.94
Burlington,0.0,N/R,0.0,0.0,N/R,0.0,0.0,0.0,0.0,0.0,2008.0,0.0,0.0
Burnham,0.0,0.0,0.0,0.0,0.0,N/R,0.0,N/R,N/R,N/R,2008.0,0.0,0.0
Buxton,85.5,224.4,112.0,173.8,148.1,135.2,121.2,48.3,203.2,119.5,2009.0,224.4,137.12
Byron,0.0,0.0,0.0,0.0,0.0,0.0,0.0,0.0,0.0,0.0,2008.0,0.0,0.0
Calais,N/R,0.0,N/R,33.1,0.0,0.0,0.0,34.7,0.0,34.0,2015.0,34.7,12.725000000000001
Cambridge,0.0,0.0,0.0,0.0,0.0,0.0,0.0,0.0,N/R,0.0,2008.0,0.0,0.0
Camden,171.1,120.4,164.9,84.5,294.3,147.6,192.3,248.1,106.4,319.1,2017.0,319.1,184.86999999999998
Canaan,47.3,0.0,44.0,44.6,0.0,132.7,88.7,89.1,0.0,312.5,2017.0,312.5,75.89
Canton,0.0,N/R,0.0,0.0,0.0,0.0,0.0,N/R,0.0,N/R,2008.0,0.0,0.0
Cape Elizabeth,100.2,99.2,99.8,100.2,123.2,121.7,187.1,121.4,88.5,99.6,2014.0,187.1,114.08999999999999
Caratunk,0.0,0.0,0.0,0.0,0.0,0.0,0.0,0.0,0.0,0.0,2008.0,0.0,0.0
Caribou,N/R,N/R,N/R,N/R,N/R,N/R,0.0,N/R,13.0,0.0,2016.0,13.0,4.333333333333333
Carmel,0.0,N/R,0.0,0.0,35.4,0.0,70.7,70.8,175.4,105.2,2016.0,175.4,50.833333333333336
Carrabassett Valley,0.0,0.0,0.0,0.0,0.0,N/R,N/R,0.0,0.0,0.0,2008.0,0.0,0.0
Carroll Plt,0.0,N/R,0.0,0.0,0.0,0.0,0.0,0.0,0.0,0.0,2008.0,0.0,0.0
Carthage,0.0,0.0,0.0,0.0,0.0,0.0,0.0,0.0,0.0,0.0,2008.0,0.0,0.0
Cary Plt,N/R,N/R,N/R,N/R,N/R,N/R,0.0,N/R,0.0,0.0,2014.0,0.0,0.0
Casco,81.4,160.2,133.6,79.1,208.4,156.9,180.9,155.8,153.5,127.9,2012.0,208.4,143.77
Castine,N/R,N/R,0.0,N/R,N/R,N/R,N/R,502.1,478.5,478.5,2015.0,502.1,364.775
Castle Hill,N/R,N/R,N/R,N/R,N/R,N/R,0.0,N/R,0.0,0.0,2014.0,0.0,0.0
Caswell,N/R,N/R,N/R,N/R,N/R,N/R,0.0,N/R,0.0,0.0,2014.0,0.0,0.0
Central Aroostook,N/R,N/R,N/R,N/R,N/R,N/R,0.0,N/R,0.0,0.0,2014.0,0.0,0.0
Central Somerset,0.0,0.0,0.0,0.0,0.0,0.0,0.0,0.0,0.0,0.0,2008.0,0.0,0.0
Chapman,N/R,N/R,N/R,N/R,N/R,N/R,0.0,N/R,0.0,0.0,2014.0,0.0,0.0
Charleston,0.0,N/R,0.0,0.0,0.0,0.0,0.0,0.0,0.0,0.0,2008.0,0.0,0.0
Charlotte,N/R,0.0,N/R,0.0,0.0,0.0,0.0,0.0,0.0,0.0,2009.0,0.0,0.0
Chebeague Island,N/R,N/R,0.0,N/R,N/R,N/R,0.0,N/R,N/R,N/R,2010.0,0.0,0.0
Chelsea,180.4,0.0,110.3,331.7,221.3,111.7,74.7,188.1,263.2,150.4,2011.0,331.7,163.18
Cherryfield,N/R,0.0,N/R,0.0,0.0,N/R,0.0,N/R,0.0,N/R,2009.0,0.0,0.0
Chester,0.0,N/R,0.0,0.0,0.0,0.0,0.0,0.0,0.0,0.0,2008.0,0.0,0.0
Chesterville,0.0,0.0,N/R,0.0,0.0,0.0,N/R,0.0,0.0,N/R,2008.0,0.0,0.0
China,112.7,45.6,69.3,114.8,230.0,228.2,161.5,137.3,272.0,272.0,2016.0,272.0,164.34
Clifton,0.0,N/R,0.0,0.0,0.0,0.0,0.0,0.0,N/R,N/R,2008.0,0.0,0.0
Clinton,0.0,0.0,86.1,56.8,28.7,115.9,86.6,56.8,225.3,169.0,2016.0,225.3,82.52000000000001
Codyville Plt,N/R,N/R,N/R,N/R,N/R,N/R,N/R,N/R,N/R,N/R,N/R,N/R,N/R
Columbia,N/R,0.0,N/R,0.0,0.0,0.0,0.0,0.0,0.0,0.0,2009.0,0.0,0.0
Columbia Falls,N/R,0.0,N/R,N/R,0.0,N/R,N/R,0.0,0.0,N/R,2009.0,0.0,0.0
Connor Twp,N/R,N/R,N/R,N/R,N/R,N/R,0.0,N/R,0.0,0.0,2014.0,0.0,0.0
Cooper,N/R,0.0,N/R,0.0,0.0,0.0,0.0,0.0,0.0,0.0,2009.0,0.0,0.0
Coplin Plt,0.0,0.0,0.0,0.0,0.0,0.0,0.0,0.0,0.0,0.0,2008.0,0.0,0.0
Corinna,0.0,N/R,45.5,0.0,0.0,0.0,46.1,0.0,0.0,92.8,2017.0,92.8,20.488888888888887
Corinth,0.0,N/R,0.0,0.0,0.0,33.8,69.7,0.0,34.8,0.0,2014.0,69.7,15.366666666666667
Cornish,N/R,N/R,N/R,N/R,N/R,N/R,700.3,N/R,N/R,N/R,2014.0,700.3,700.3
Cornville,0.0,0.0,0.0,0.0,0.0,0.0,0.0,0.0,N/R,N/R,2008.0,0.0,0.0
Cranberry Isles,0.0,0.0,0.0,0.0,0.0,0.0,0.0,0.0,0.0,0.0,2008.0,0.0,0.0
Crawford,N/R,0.0,N/R,0.0,0.0,0.0,0.0,0.0,0.0,0.0,2009.0,0.0,0.0
Criehaven Twp,N/R,N/R,N/R,N/R,N/R,N/R,N/R,N/R,N/R,N/R,N/R,N/R,N/R
Crystal,N/R,N/R,N/R,N/R,N/R,N/R,0.0,N/R,0.0,N/R,2014.0,0.0,0.0
Cumberland,224.1,191.1,138.7,176.8,122.0,202.5,212.0,195.9,155.7,155.7,2008.0,224.1,177.45
Cushing,N/R,N/R,N/R,N/R,388.9,N/R,N/R,N/R,N/R,N/R,2012.0,388.9,388.9
Cutler,N/R,0.0,N/R,0.0,0.0,0.0,N/R,0.0,N/R,0.0,2009.0,0.0,0.0
Cyr Plt,N/R,N/R,N/R,N/R,N/R,N/R,0.0,N/R,0.0,0.0,2014.0,0.0,0.0
Dallas Plt,0.0,0.0,0.0,0.0,0.0,0.0,0.0,0.0,0.0,0.0,2008.0,0.0,0.0
Damariscotta,N/R,142.1,270.5,136.9,281.7,281.7,370.7,48.0,448.0,313.6,2016.0,448.0,254.79999999999998
Danforth,N/R,0.0,N/R,0.0,0.0,0.0,0.0,0.0,0.0,0.0,2009.0,0.0,0.0
Dayton,47.3,149.3,N/R,N/R,N/R,N/R,N/R,192.8,49.0,49.0,2015.0,192.8,97.48
Deblois,N/R,0.0,N/R,0.0,0.0,0.0,0.0,0.0,0.0,0.0,2009.0,0.0,0.0
Dedham,0.0,0.0,N/R,N/R,0.0,N/R,N/R,0.0,N/R,N/R,2008.0,0.0,0.0
Deer Isle,0.0,N/R,0.0,N/R,353.7,1032.0,463.9,414.9,777.6,1088.6,2017.0,1088.6,516.3375
Denmark,N/R,N/R,0.0,N/R,N/R,N/R,N/R,N/R,0.0,N/R,2010.0,0.0,0.0
Dennistown Plt,N/R,N/R,N/R,N/R,N/R,N/R,N/R,N/R,N/R,N/R,N/R,N/R,N/R
Dennysville,N/R,0.0,N/R,0.0,0.0,0.0,0.0,0.0,0.0,0.0,2009.0,0.0,0.0
Detroit,0.0,0.0,0.0,0.0,0.0,N/R,0.0,0.0,N/R,N/R,2008.0,0.0,0.0
Dexter,27.0,N/R,0.0,0.0,0.0,78.3,0.0,0.0,53.0,106.0,2017.0,106.0,29.366666666666667
Dixfield,0.0,0.0,39.2,40.0,0.0,0.0,0.0,40.7,40.7,81.5,2017.0,81.5,24.21
Dixmont,0.0,N/R,0.0,N/R,0.0,N/R,N/R,N/R,N/R,N/R,2008.0,0.0,0.0
Dover-Foxcroft,N/R,N/R,N/R,N/R,N/R,N/R,N/R,N/R,0.0,0.0,2016.0,0.0,0.0
Dresden,410.1,N/R,N/R,358.4,N/R,418.4,N/R,N/R,N/R,N/R,2013.0,418.4,395.6333333333334
Drew Plt,0.0,N/R,N/R,N/R,N/R,N/R,N/R,N/R,N/R,N/R,2008.0,0.0,0.0
Durham,77.8,103.5,129.9,182.7,310.6,180.3,307.9,231.7,280.9,178.8,2012.0,310.6,198.41000000000003
Dyer Brook,N/R,N/R,N/R,N/R,N/R,N/R,0.0,N/R,0.0,0.0,2014.0,0.0,0.0
Eagle Lake,N/R,N/R,N/R,N/R,N/R,N/R,0.0,N/R,0.0,0.0,2014.0,0.0,0.0
East Central Franklin,0.0,0.0,0.0,0.0,0.0,0.0,0.0,0.0,0.0,0.0,2008.0,0.0,0.0
East Central Penobscot,0.0,N/R,0.0,0.0,0.0,0.0,0.0,0.0,0.0,0.0,2008.0,0.0,0.0
East Central Washington,N/R,0.0,N/R,0.0,0.0,0.0,0.0,0.0,0.0,0.0,2009.0,0.0,0.0
East Hancock,0.0,0.0,0.0,0.0,0.0,0.0,0.0,0.0,0.0,0.0,2008.0,0.0,0.0
East Machias,N/R,N/R,N/R,N/R,N/R,N/R,N/R,454.9,N/R,N/R,2015.0,454.9,454.9
East Millinocket,0.0,N/R,N/R,N/R,0.0,0.0,0.0,0.0,0.0,N/R,2008.0,0.0,0.0
Eastbrook,0.0,0.0,0.0,0.0,0.0,0.0,0.0,0.0,0.0,0.0,2008.0,0.0,0.0
Easton,N/R,N/R,N/R,N/R,N/R,N/R,0.0,N/R,0.0,0.0,2014.0,0.0,0.0
Eastport,N/R,0.0,N/R,0.0,0.0,0.0,0.0,0.0,0.0,N/R,2009.0,0.0,0.0
Eddington,0.0,N/R,0.0,44.5,44.8,44.1,0.0,91.3,91.1,227.8,2017.0,227.8,60.39999999999999
Edgecomb,N/R,N/R,N/R,N/R,N/R,N/R,N/R,N/R,N/R,N/R,N/R,N/R,N/R
Edinburg,0.0,N/R,0.0,0.0,0.0,0.0,0.0,0.0,0.0,0.0,2008.0,0.0,0.0
Eliot,239.6,356.8,161.2,128.3,270.4,174.5,285.0,174.1,173.2,157.4,2009.0,356.8,212.05
Ellsworth,0.0,13.3,12.9,0.0,77.4,89.2,102.0,165.9,101.4,228.3,2017.0,228.3,79.04
Embden,0.0,0.0,0.0,N/R,0.0,0.0,0.0,0.0,N/R,N/R,2008.0,0.0,0.0
Enfield,0.0,N/R,0.0,0.0,0.0,0.0,0.0,0.0,0.0,0.0,2008.0,0.0,0.0
Etna,N/R,N/R,0.0,0.0,0.0,0.0,0.0,0.0,N/R,N/R,2010.0,0.0,0.0
Eustis,0.0,0.0,0.0,0.0,0.0,N/R,0.0,0.0,0.0,N/R,2008.0,0.0,0.0
Exeter,0.0,N/R,0.0,0.0,0.0,0.0,N/R,0.0,0.0,N/R,2008.0,0.0,0.0
Fairfield,14.8,58.9,44.5,45.1,N/R,15.0,N/R,60.4,60.7,197.2,2017.0,197.2,62.075
Falmouth,145.2,169.7,71.5,169.3,197.2,105.6,199.4,77.9,149.7,96.8,2014.0,199.4,138.23
Farmingdale,138.9,136.4,135.3,67.2,67.7,102.6,67.8,170.5,209.4,209.4,2016.0,209.4,130.52000000000004
Farmington,40.1,51.6,64.4,13.1,13.1,13.1,13.3,67.0,0.0,67.4,2017.0,67.4,34.31
Fayette,0.0,N/R,0.0,N/R,0.0,N/R,0.0,0.0,N/R,N/R,2008.0,0.0,0.0
Fletchers Landing Twp,0.0,0.0,0.0,0.0,0.0,0.0,0.0,0.0,0.0,0.0,2008.0,0.0,0.0
Fort Fairfield,N/R,N/R,N/R,N/R,N/R,N/R,0.0,N/R,0.0,0.0,2014.0,0.0,0.0
Fort Kent,N/R,N/R,N/R,N/R,N/R,N/R,0.0,N/R,0.0,0.0,2014.0,0.0,0.0
Frankfort,0.0,0.0,N/R,0.0,0.0,0.0,N/R,N/R,0.0,0.0,2008.0,0.0,0.0
Franklin,0.0,N/R,0.0,N/R,0.0,0.0,N/R,0.0,N/R,0.0,2008.0,0.0,0.0
Freedom,0.0,N/R,0.0,N/R,0.0,N/R,0.0,0.0,N/R,N/R,2008.0,0.0,0.0
Freeport,193.5,201.1,114.2,114.1,217.1,150.8,235.2,187.6,173.4,321.9,2017.0,321.9,190.89000000000001
Frenchboro,N/R,N/R,0.0,0.0,0.0,0.0,0.0,0.0,0.0,0.0,2010.0,0.0,0.0
Frenchville,N/R,N/R,N/R,N/R,N/R,N/R,N/R,N/R,0.0,0.0,2016.0,0.0,0.0
Friendship,0.0,0.0,0.0,0.0,N/R,N/R,N/R,N/R,N/R,N/R,2008.0,0.0,0.0
Frye Island,N/R,N/R,N/R,N/R,N/R,N/R,N/R,N/R,N/R,N/R,N/R,N/R,N/R
Fryeburg,0.0,59.3,29.0,86.8,0.0,117.2,88.0,58.5,58.1,58.1,2013.0,117.2,55.5
Gardiner,131.3,33.6,137.9,104.8,121.7,174.9,69.7,103.5,245.5,245.5,2016.0,245.5,136.84
Garfield Plt,N/R,N/R,N/R,N/R,N/R,N/R,0.0,N/R,0.0,0.0,2014.0,0.0,0.0
Garland,0.0,N/R,0.0,N/R,0.0,0.0,0.0,0.0,N/R,N/R,2008.0,0.0,0.0
Georgetown,N/R,N/R,N/R,N/R,N/R,N/R,N/R,682.9,782.0,586.5,2016.0,782.0,683.8000000000001
Gilead,0.0,0.0,0.0,0.0,0.0,0.0,0.0,0.0,0.0,0.0,2008.0,0.0,0.0
Glenburn,0.0,N/R,0.0,0.0,42.9,0.0,0.0,43.3,21.5,107.7,2017.0,107.7,23.93333333333333
Glenwood Plt,N/R,N/R,N/R,N/R,N/R,N/R,N/R,N/R,N/R,N/R,N/R,N/R,N/R
Gorham,171.6,129.4,146.5,157.4,144.7,143.0,165.2,98.8,109.0,137.7,2008.0,171.6,140.32999999999998
Gouldsboro,0.0,N/R,0.0,N/R,0.0,N/R,N/R,N/R,N/R,N/R,2008.0,0.0,0.0
Grand Isle,N/R,N/R,N/R,N/R,N/R,N/R,0.0,N/R,0.0,0.0,2014.0,0.0,0.0
Grand Lake Stream Plt,N/R,0.0,N/R,0.0,0.0,0.0,0.0,0.0,0.0,0.0,2009.0,0.0,0.0
Gray,92.4,129.2,141.7,101.9,101.7,252.3,200.0,173.2,221.4,246.0,2013.0,252.3,165.98000000000002
Great Pond,N/R,0.0,0.0,0.0,0.0,0.0,0.0,0.0,0.0,0.0,2009.0,0.0,0.0
Greenbush,0.0,N/R,0.0,0.0,0.0,0.0,0.0,N/R,N/R,N/R,2008.0,0.0,0.0
Greene,71.0,46.4,23.0,114.2,45.5,90.1,112.8,46.0,137.5,91.6,2016.0,137.5,77.81
Greenville,N/R,N/R,N/R,N/R,N/R,N/R,N/R,N/R,N/R,0.0,2017.0,0.0,0.0
Greenwood,0.0,0.0,N/R,0.0,0.0,0.0,0.0,0.0,N/R,0.0,2008.0,0.0,0.0
Guilford,N/R,N/R,N/R,N/R,N/R,N/R,N/R,N/R,0.0,N/R,2016.0,0.0,0.0
Hallowell,122.9,82.9,84.0,85.0,171.7,172.5,43.2,88.2,129.6,129.6,2013.0,172.5,110.96000000000001
Hamlin,N/R,N/R,N/R,N/R,N/R,N/R,0.0,N/R,0.0,0.0,2014.0,0.0,0.0
Hammond,N/R,N/R,N/R,N/R,N/R,N/R,0.0,N/R,0.0,0.0,2014.0,0.0,0.0
Hampden,72.3,N/R,0.0,0.0,27.5,27.5,54.0,68.2,164.7,164.7,2016.0,164.7,64.32222222222222
Hancock,0.0,0.0,0.0,0.0,0.0,0.0,123.3,82.2,204.3,449.5,2017.0,449.5,85.92999999999999
Hanover,0.0,N/R,0.0,0.0,0.0,0.0,0.0,0.0,0.0,0.0,2008.0,0.0,0.0
Harmony,0.0,0.0,0.0,N/R,0.0,N/R,N/R,0.0,0.0,N/R,2008.0,0.0,0.0
Harpswell,38.7,226.3,63.3,126.7,127.7,107.1,84.0,64.5,215.1,193.6,2009.0,226.3,124.69999999999997
Harrington,N/R,0.0,N/R,N/R,0.0,0.0,0.0,0.0,N/R,N/R,2009.0,0.0,0.0
Harrison,0.0,37.7,73.3,0.0,109.9,182.6,108.5,36.6,181.8,72.7,2013.0,182.6,80.31000000000002
Hartford,N/R,N/R,0.0,0.0,N/R,0.0,N/R,N/R,0.0,N/R,2010.0,0.0,0.0
Hartland,0.0,0.0,0.0,0.0,0.0,0.0,N/R,N/R,0.0,N/R,2008.0,0.0,0.0
Haynesville,N/R,N/R,N/R,N/R,N/R,N/R,0.0,N/R,0.0,0.0,2014.0,0.0,0.0
Hebron,N/R,0.0,0.0,0.0,0.0,N/R,0.0,N/R,N/R,N/R,2009.0,0.0,0.0
Hermon,0.0,N/R,0.0,0.0,18.0,18.1,35.2,17.6,70.9,106.3,2017.0,106.3,29.56666666666667
Hersey,N/R,N/R,N/R,N/R,N/R,N/R,0.0,N/R,0.0,0.0,2014.0,0.0,0.0
Hibberts Gore,N/R,N/R,N/R,N/R,N/R,N/R,N/R,N/R,N/R,N/R,N/R,N/R,N/R
Highland Plt,0.0,0.0,0.0,0.0,0.0,0.0,0.0,0.0,0.0,0.0,2008.0,0.0,0.0
Hiram,N/R,N/R,0.0,N/R,N/R,N/R,N/R,N/R,N/R,N/R,2010.0,0.0,0.0
Hodgdon,N/R,N/R,N/R,N/R,N/R,N/R,0.0,N/R,0.0,N/R,2014.0,0.0,0.0
Holden,0.0,N/R,0.0,0.0,97.8,131.4,97.8,164.0,232.4,232.4,2016.0,232.4,106.19999999999999
Hollis,85.6,185.8,70.1,208.4,137.2,135.6,225.0,174.2,155.1,221.6,2014.0,225.0,159.85999999999999
Hope,N/R,N/R,N/R,N/R,N/R,N/R,378.8,N/R,379.7,N/R,2016.0,379.7,379.25
Houlton,N/R,N/R,N/R,N/R,N/R,N/R,N/R,N/R,0.0,35.5,2017.0,35.5,17.75
Howland,0.0,N/R,0.0,0.0,0.0,0.0,0.0,0.0,N/R,0.0,2008.0,0.0,0.0
Hudson,0.0,N/R,0.0,0.0,0.0,N/R,N/R,0.0,0.0,0.0,2008.0,0.0,0.0
Indian Island,0.0,N/R,0.0,0.0,0.0,0.0,0.0,0.0,0.0,0.0,2008.0,0.0,0.0
Indian Twp Res,N/R,0.0,N/R,0.0,0.0,0.0,0.0,0.0,0.0,0.0,2009.0,0.0,0.0
Industry,0.0,0.0,0.0,0.0,N/R,0.0,0.0,0.0,0.0,N/R,2008.0,0.0,0.0
Island Falls,N/R,N/R,N/R,N/R,N/R,N/R,0.0,N/R,0.0,0.0,2014.0,0.0,0.0
Isle au Haut,0.0,0.0,N/R,0.0,0.0,0.0,0.0,0.0,N/R,0.0,2008.0,0.0,0.0
Islesboro,1075.3,N/R,N/R,N/R,N/R,6642.7,N/R,N/R,2007.3,7846.7,2017.0,7846.7,4393.0
Jackman,0.0,0.0,0.0,0.0,0.0,N/R,0.0,0.0,0.0,0.0,2008.0,0.0,0.0
Jackson,0.0,0.0,0.0,0.0,N/R,0.0,N/R,N/R,0.0,0.0,2008.0,0.0,0.0
Jay,20.7,20.6,20.6,41.4,20.7,103.3,N/R,21.1,N/R,147.8,2017.0,147.8,49.525
Jefferson,78.7,121.0,82.4,410.7,205.4,123.0,407.8,162.5,402.9,241.7,2011.0,410.7,223.60999999999999
Jonesboro,N/R,0.0,N/R,0.0,0.0,0.0,0.0,0.0,0.0,0.0,2009.0,0.0,0.0
Jonesport,N/R,0.0,N/R,0.0,0.0,0.0,0.0,0.0,N/R,0.0,2009.0,0.0,0.0
Kenduskeag,N/R,N/R,0.0,N/R,0.0,N/R,0.0,0.0,N/R,0.0,2010.0,0.0,0.0
Kennebunk,288.2,231.0,157.4,74.3,103.0,75.3,174.7,65.7,66.3,75.7,2008.0,288.2,131.16000000000003
Kennebunkport,203.6,141.5,172.7,202.2,144.8,87.1,116.0,201.7,117.4,58.7,2008.0,203.6,144.57
Kingfield,0.0,0.0,N/R,0.0,0.0,0.0,0.0,N/R,0.0,N/R,2008.0,0.0,0.0
Kingman Twp,0.0,N/R,0.0,0.0,0.0,0.0,0.0,0.0,0.0,0.0,2008.0,0.0,0.0
Kingsbury Plt,N/R,N/R,N/R,N/R,N/R,N/R,N/R,N/R,N/R,N/R,N/R,N/R,N/R
Kittery,320.6,231.5,200.2,95.0,136.9,284.7,180.0,189.4,146.4,135.9,2008.0,320.6,192.06
Knox,0.0,0.0,N/R,N/R,0.0,N/R,0.0,0.0,N/R,N/R,2008.0,0.0,0.0
Lagrange,0.0,N/R,0.0,0.0,N/R,0.0,0.0,0.0,0.0,0.0,2008.0,0.0,0.0
Lake View Plt,N/R,N/R,N/R,N/R,N/R,N/R,N/R,N/R,0.0,0.0,2016.0,0.0,0.0
Lakeville,0.0,N/R,0.0,0.0,0.0,0.0,0.0,0.0,0.0,0.0,2008.0,0.0,0.0
Lamoine,0.0,0.0,N/R,N/R,0.0,N/R,N/R,0.0,N/R,498.1,2017.0,498.1,99.62
Lebanon,17.2,133.8,66.3,65.2,208.8,195.0,96.2,94.8,31.2,155.9,2012.0,208.8,106.44000000000001
Lee,0.0,N/R,0.0,0.0,0.0,0.0,0.0,0.0,0.0,0.0,2008.0,0.0,0.0
Leeds,0.0,44.8,43.0,127.2,127.0,42.7,128.4,43.6,174.1,87.0,2016.0,174.1,81.78
Levant,0.0,N/R,0.0,0.0,0.0,0.0,0.0,34.0,67.9,33.9,2016.0,67.9,15.08888888888889
Lewiston,25.0,30.1,21.9,19.3,33.0,41.3,63.3,16.6,30.2,38.4,2014.0,63.3,31.909999999999997
Liberty,N/R,0.0,0.0,0.0,N/R,0.0,N/R,N/R,N/R,N/R,2009.0,0.0,0.0
Limerick,109.6,107.2,172.9,136.1,135.2,201.9,100.1,166.1,164.3,131.4,2013.0,201.9,142.48
Limestone,N/R,N/R,N/R,N/R,N/R,N/R,44.4,N/R,0.0,0.0,2014.0,44.4,14.799999999999999
Limington,282.2,159.8,188.5,132.3,185.2,236.7,260.6,101.7,352.3,176.1,2016.0,352.3,207.54000000000002
Lincoln,19.1,N/R,0.0,38.6,0.0,19.6,0.0,0.0,19.9,19.9,2011.0,38.6,13.011111111111113
Lincoln Plt,N/R,N/R,N/R,N/R,N/R,N/R,N/R,N/R,N/R,N/R,N/R,N/R,N/R
Lincolnville,0.0,133.2,92.4,0.0,184.1,91.7,136.8,277.0,0.0,224.3,2015.0,277.0,113.95
Linneus,N/R,N/R,N/R,N/R,N/R,N/R,0.0,N/R,0.0,0.0,2014.0,0.0,0.0
Lisbon,20.5,10.9,11.1,55.7,66.5,99.9,89.0,78.2,122.3,133.4,2017.0,133.4,68.75
Litchfield,115.7,84.2,165.6,27.4,54.6,136.8,82.5,54.7,162.0,351.1,2017.0,351.1,123.46
Littleton,N/R,N/R,N/R,N/R,N/R,N/R,0.0,N/R,0.0,0.0,2014.0,0.0,0.0
Livermore,46.0,0.0,47.7,47.8,47.6,144.3,48.3,47.9,48.0,48.0,2013.0,144.3,52.56
Livermore Falls,30.2,61.5,94.1,62.9,62.9,0.0,0.0,32.1,0.0,95.4,2017.0,95.4,43.910000000000004
Long Island,N/R,N/R,0.0,N/R,N/R,N/R,0.0,N/R,N/R,N/R,2010.0,0.0,0.0
Louds Island,N/R,N/R,N/R,N/R,N/R,N/R,N/R,N/R,N/R,N/R,N/R,N/R,N/R
Lovell,0.0,0.0,N/R,0.0,0.0,N/R,N/R,0.0,0.0,N/R,2008.0,0.0,0.0
Lowell,0.0,N/R,0.0,0.0,0.0,0.0,0.0,0.0,0.0,0.0,2008.0,0.0,0.0
Lubec,N/R,0.0,N/R,0.0,0.0,0.0,0.0,0.0,0.0,0.0,2009.0,0.0,0.0
Ludlow,N/R,N/R,N/R,N/R,N/R,N/R,0.0,N/R,0.0,0.0,2014.0,0.0,0.0
Lyman,45.6,23.2,23.0,92.3,91.5,90.7,113.4,87.8,89.3,111.7,2014.0,113.4,76.85
Machias,N/R,45.6,N/R,0.0,0.0,93.4,N/R,193.5,N/R,338.3,2017.0,338.3,111.8
Machiasport,N/R,0.0,N/R,0.0,N/R,N/R,N/R,N/R,0.0,N/R,2009.0,0.0,0.0
Macwahoc Plt,N/R,N/R,N/R,N/R,N/R,N/R,0.0,N/R,0.0,0.0,2014.0,0.0,0.0
Madawaska,N/R,N/R,N/R,N/R,N/R,N/R,0.0,N/R,0.0,0.0,2014.0,0.0,0.0
Madison,43.9,0.0,0.0,0.0,0.0,104.7,21.3,0.0,21.2,212.0,2017.0,212.0,40.31
Magalloway Plt,N/R,N/R,N/R,N/R,N/R,N/R,N/R,N/R,N/R,N/R,N/R,N/R,N/R
Manchester,79.0,233.7,38.8,154.2,77.2,312.1,116.6,78.8,118.8,356.4,2017.0,356.4,156.56
Mapleton,N/R,N/R,N/R,N/R,N/R,N/R,0.0,N/R,0.0,0.0,2014.0,0.0,0.0
Mariaville,0.0,N/R,0.0,0.0,0.0,0.0,0.0,N/R,0.0,0.0,2008.0,0.0,0.0
Mars Hill,N/R,N/R,N/R,N/R,N/R,N/R,0.0,N/R,0.0,0.0,2014.0,0.0,0.0
Marshall Island,N/R,N/R,N/R,N/R,N/R,N/R,N/R,N/R,N/R,N/R,N/R,N/R,N/R
Marshfield,N/R,0.0,N/R,N/R,N/R,N/R,0.0,0.0,N/R,N/R,2009.0,0.0,0.0
Masardis,N/R,N/R,N/R,N/R,N/R,N/R,0.0,N/R,0.0,0.0,2014.0,0.0,0.0
Matinicus Isle Plt,0.0,0.0,0.0,0.0,0.0,N/R,0.0,0.0,0.0,0.0,2008.0,0.0,0.0
Mattawamkeag,0.0,N/R,N/R,0.0,0.0,0.0,0.0,0.0,0.0,0.0,2008.0,0.0,0.0
Maxfield,0.0,N/R,0.0,0.0,0.0,0.0,0.0,0.0,0.0,0.0,2008.0,0.0,0.0
Mechanic Falls,31.0,N/R,33.0,32.8,130.6,32.8,N/R,33.3,N/R,N/R,2012.0,130.6,48.916666666666664
Meddybemps,N/R,0.0,N/R,0.0,0.0,0.0,0.0,0.0,0.0,N/R,2009.0,0.0,0.0
Medford,N/R,N/R,N/R,N/R,N/R,N/R,N/R,N/R,0.0,0.0,2016.0,0.0,0.0
Medway,0.0,N/R,0.0,N/R,0.0,0.0,0.0,0.0,0.0,0.0,2008.0,0.0,0.0
Mercer,0.0,0.0,0.0,0.0,0.0,0.0,N/R,N/R,0.0,N/R,2008.0,0.0,0.0
Merrill,N/R,N/R,N/R,N/R,N/R,N/R,0.0,N/R,0.0,0.0,2014.0,0.0,0.0
Mexico,0.0,0.0,74.6,0.0,0.0,0.0,0.0,0.0,38.4,0.0,2010.0,74.6,11.3
Milbridge,N/R,0.0,N/R,0.0,N/R,0.0,N/R,N/R,543.9,N/R,2016.0,543.9,135.975
Milford,0.0,N/R,0.0,0.0,0.0,0.0,0.0,0.0,64.6,0.0,2016.0,64.6,7.177777777777777
Millinocket,0.0,N/R,44.4,0.0,0.0,23.5,0.0,23.7,0.0,49.5,2017.0,49.5,15.677777777777777
Milo,N/R,N/R,N/R,N/R,N/R,N/R,N/R,N/R,0.0,44.1,2017.0,44.1,22.05
Milton Twp,0.0,0.0,0.0,0.0,0.0,0.0,0.0,0.0,0.0,0.0,2008.0,0.0,0.0
Minot,37.8,76.0,0.0,38.2,N/R,N/R,76.2,N/R,151.4,113.6,2016.0,151.4,70.45714285714287
Monhegan Island Plt,0.0,0.0,0.0,N/R,0.0,0.0,0.0,0.0,0.0,N/R,2008.0,0.0,0.0
Monmouth,0.0,24.7,97.5,120.7,169.1,122.0,243.3,170.6,98.4,147.5,2014.0,243.3,119.38
Monroe,0.0,0.0,0.0,0.0,N/R,N/R,0.0,N/R,N/R,N/R,2008.0,0.0,0.0
Monson,N/R,N/R,N/R,N/R,N/R,N/R,N/R,N/R,0.0,0.0,2016.0,0.0,0.0
Monticello,N/R,N/R,N/R,N/R,N/R,N/R,0.0,N/R,0.0,0.0,2014.0,0.0,0.0
Montville,N/R,N/R,0.0,N/R,N/R,N/R,N/R,N/R,N/R,0.0,2010.0,0.0,0.0
Moose River,0.0,0.0,0.0,0.0,0.0,0.0,0.0,0.0,0.0,0.0,2008.0,0.0,0.0
Moro Plt,N/R,N/R,N/R,N/R,N/R,N/R,N/R,N/R,N/R,N/R,N/R,N/R,N/R
Morrill,0.0,0.0,0.0,N/R,0.0,N/R,N/R,N/R,N/R,N/R,2008.0,0.0,0.0
Moscow,0.0,0.0,0.0,0.0,0.0,0.0,0.0,0.0,0.0,0.0,2008.0,0.0,0.0
Mount Chase,0.0,N/R,0.0,0.0,0.0,0.0,0.0,0.0,0.0,0.0,2008.0,0.0,0.0
Mount Desert,46.3,0.0,97.4,147.9,196.6,146.5,293.3,435.6,489.7,636.6,2017.0,636.6,248.99
Mount Vernon,N/R,N/R,0.0,N/R,N/R,N/R,N/R,364.3,N/R,N/R,2015.0,364.3,182.15
Muscle Ridge Islands,N/R,N/R,N/R,N/R,N/R,N/R,N/R,N/R,N/R,N/R,N/R,N/R,N/R
Naples,27.4,131.4,51.7,103.0,102.3,177.6,125.6,149.9,123.8,49.5,2013.0,177.6,104.21999999999998
Nashville Plt,N/R,N/R,N/R,N/R,N/R,N/R,N/R,N/R,N/R,N/R,N/R,N/R,N/R
New Canada,N/R,N/R,N/R,N/R,N/R,N/R,0.0,N/R,0.0,0.0,2014.0,0.0,0.0
New Gloucester,143.1,71.4,90.2,197.5,71.3,281.2,176.1,138.1,171.2,188.4,2013.0,281.2,152.85000000000002
New Limerick,N/R,N/R,N/R,N/R,N/R,N/R,0.0,N/R,0.0,0.0,2014.0,0.0,0.0
New Portland,0.0,0.0,0.0,0.0,N/R,N/R,0.0,N/R,N/R,N/R,2008.0,0.0,0.0
New Sharon,0.0,N/R,N/R,N/R,0.0,0.0,0.0,N/R,0.0,N/R,2008.0,0.0,0.0
New Sweden,N/R,N/R,N/R,N/R,N/R,N/R,0.0,N/R,0.0,0.0,2014.0,0.0,0.0
New Vineyard,0.0,0.0,0.0,0.0,0.0,0.0,0.0,0.0,0.0,0.0,2008.0,0.0,0.0
Newburgh,0.0,N/R,0.0,0.0,0.0,N/R,N/R,N/R,N/R,N/R,2008.0,0.0,0.0
Newcastle,N/R,326.8,N/R,345.6,N/R,N/R,N/R,N/R,413.0,354.0,2016.0,413.0,359.85
Newfield,N/R,N/R,N/R,0.0,N/R,N/R,N/R,N/R,377.6,N/R,2016.0,377.6,188.8
Newport,0.0,N/R,0.0,30.9,0.0,0.0,30.8,31.4,31.4,125.6,2017.0,125.6,27.788888888888888
Newry,N/R,0.0,0.0,0.0,0.0,0.0,0.0,0.0,0.0,0.0,2009.0,0.0,0.0
Nobleboro,0.0,N/R,N/R,N/R,364.5,363.0,N/R,N/R,N/R,N/R,2012.0,364.5,242.5
Norridgewock,30.9,0.0,0.0,0.0,59.5,29.7,30.0,60.4,29.8,179.1,2017.0,179.1,41.940000000000005
North Berwick,125.6,86.6,87.4,152.0,130.0,151.8,173.0,151.7,128.8,64.4,2014.0,173.0,125.13
North Franklin,N/R,0.0,0.0,0.0,0.0,0.0,0.0,0.0,0.0,0.0,2009.0,0.0,0.0
North Haven,0.0,0.0,0.0,N/R,N/R,N/R,2203.9,2452.3,N/R,1626.0,2015.0,2452.3,1047.0333333333335
North Oxford,N/R,N/R,N/R,N/R,N/R,N/R,N/R,N/R,N/R,N/R,N/R,N/R,N/R
North Penobscot,0.0,N/R,0.0,0.0,0.0,0.0,0.0,0.0,0.0,0.0,2008.0,0.0,0.0
North Washington,N/R,0.0,N/R,0.0,0.0,0.0,0.0,0.0,0.0,0.0,2009.0,0.0,0.0
North Yarmouth,275.0,414.0,140.3,334.7,222.7,468.3,408.2,326.3,296.0,322.9,2013.0,468.3,320.84000000000003
Northeast Piscataquis,N/R,N/R,N/R,N/R,N/R,N/R,N/R,N/R,0.0,0.0,2016.0,0.0,0.0
Northeast Somerset,0.0,0.0,0.0,0.0,0.0,0.0,0.0,0.0,0.0,0.0,2008.0,0.0,0.0
Northfield,N/R,0.0,N/R,0.0,0.0,0.0,0.0,0.0,0.0,0.0,2009.0,0.0,0.0
Northport,0.0,N/R,0.0,0.0,N/R,N/R,N/R,N/R,N/R,453.1,2017.0,453.1,113.275
Northwest Aroostook,N/R,N/R,N/R,N/R,N/R,N/R,N/R,N/R,N/R,N/R,N/R,N/R,N/R
Northwest Piscataquis,N/R,N/R,N/R,N/R,N/R,N/R,N/R,N/R,0.0,0.0,2016.0,0.0,0.0
Northwest Somerset,N/R,0.0,0.0,0.0,0.0,0.0,0.0,0.0,0.0,0.0,2009.0,0.0,0.0
Norway,21.0,0.0,59.8,0.0,40.1,161.7,182.4,40.4,80.2,200.4,2017.0,200.4,78.6
Oakfield,N/R,N/R,N/R,N/R,N/R,N/R,0.0,N/R,0.0,0.0,2014.0,0.0,0.0
Oakland,0.0,0.0,32.1,94.9,0.0,94.9,111.0,128.1,63.6,79.5,2015.0,128.1,60.410000000000004
Ogunquit,N/R,0.0,0.0,0.0,N/R,N/R,N/R,0.0,N/R,N/R,2009.0,0.0,0.0
Old Orchard Beach,42.5,22.8,23.2,11.6,23.2,N/R,57.5,N/R,23.0,46.1,2014.0,57.5,31.2375
Old Town,13.1,N/R,12.8,0.0,0.0,13.0,65.0,52.5,26.3,39.4,2014.0,65.0,24.67777777777778
Orient,N/R,N/R,N/R,N/R,N/R,N/R,0.0,N/R,0.0,0.0,2014.0,0.0,0.0
Orland,0.0,46.3,0.0,0.0,315.6,269.2,225.0,411.0,454.1,227.1,2016.0,454.1,194.82999999999998
Orneville Twp,N/R,N/R,N/R,N/R,N/R,N/R,N/R,N/R,0.0,0.0,2016.0,0.0,0.0
Orono,20.1,N/R,9.7,0.0,19.3,19.7,48.7,28.9,59.3,118.5,2017.0,118.5,36.02222222222222
Orrington,0.0,N/R,0.0,0.0,27.1,81.5,135.9,135.8,108.8,217.6,2017.0,217.6,78.52222222222223
Osborn,0.0,0.0,0.0,0.0,0.0,0.0,0.0,0.0,0.0,0.0,2008.0,0.0,0.0
Otis,0.0,N/R,0.0,0.0,N/R,0.0,0.0,0.0,0.0,N/R,2008.0,0.0,0.0
Otisfield,N/R,N/R,N/R,N/R,0.0,N/R,N/R,N/R,N/R,N/R,2012.0,0.0,0.0
Owls Head,N/R,N/R,N/R,441.1,N/R,N/R,N/R,N/R,451.0,579.9,2017.0,579.9,490.6666666666667
Oxbow Plt,N/R,N/R,N/R,N/R,N/R,N/R,0.0,N/R,0.0,0.0,2014.0,0.0,0.0
Oxford,72.9,96.3,0.0,72.6,97.2,244.5,97.8,73.4,272.0,123.6,2016.0,272.0,115.02999999999997
Palermo,N/R,0.0,0.0,0.0,0.0,N/R,0.0,N/R,N/R,N/R,2009.0,0.0,0.0
Palmyra,0.0,0.0,0.0,N/R,N/R,0.0,0.0,0.0,0.0,308.3,2017.0,308.3,38.5375
Paris,61.0,19.5,38.6,19.5,58.7,39.4,118.4,39.5,19.5,116.8,2014.0,118.4,53.089999999999996
Parkman,N/R,N/R,N/R,N/R,N/R,N/R,N/R,N/R,0.0,N/R,2016.0,0.0,0.0
Parsonsfield,0.0,0.0,0.0,N/R,N/R,0.0,357.9,N/R,N/R,N/R,2014.0,357.9,71.58
Passadumkeag,0.0,N/R,0.0,0.0,0.0,0.0,0.0,0.0,0.0,0.0,2008.0,0.0,0.0
Patten,0.0,N/R,0.0,0.0,0.0,0.0,0.0,0.0,0.0,N/R,2008.0,0.0,0.0
Pembroke,N/R,0.0,N/R,N/R,0.0,0.0,0.0,0.0,0.0,0.0,2009.0,0.0,0.0
Penobscot,N/R,N/R,0.0,N/R,N/R,N/R,N/R,657.4,493.4,1151.3,2017.0,1151.3,575.525
Penobscot Indian Island,N/R,N/R,N/R,N/R,N/R,N/R,N/R,N/R,N/R,N/R,N/R,N/R,N/R
Perham,N/R,N/R,N/R,N/R,N/R,N/R,0.0,N/R,0.0,0.0,2014.0,0.0,0.0
Perkins Twp Swan Island,N/R,N/R,N/R,N/R,N/R,N/R,N/R,N/R,N/R,N/R,N/R,N/R,N/R
Perry,N/R,0.0,N/R,0.0,0.0,0.0,0.0,0.0,0.0,0.0,2009.0,0.0,0.0
Peru,0.0,N/R,0.0,0.0,N/R,0.0,0.0,N/R,0.0,0.0,2008.0,0.0,0.0
Phillips,0.0,N/R,N/R,N/R,0.0,N/R,0.0,0.0,0.0,0.0,2008.0,0.0,0.0
Phippsburg,318.2,274.0,225.6,272.9,136.1,90.7,136.7,273.0,490.0,89.1,2016.0,490.0,230.62999999999997
Pittsfield,23.6,0.0,23.7,0.0,0.0,0.0,0.0,73.0,24.5,122.3,2017.0,122.3,26.71
Pittston,259.4,74.4,75.0,112.5,301.2,76.2,190.4,268.9,153.2,229.8,2012.0,301.2,174.1
Pleasant Point,N/R,0.0,N/R,0.0,0.0,0.0,0.0,0.0,0.0,0.0,2009.0,0.0,0.0
Pleasant Ridge Plt,0.0,0.0,0.0,0.0,0.0,0.0,0.0,0.0,0.0,0.0,2008.0,0.0,0.0
Plymouth,0.0,N/R,0.0,0.0,0.0,0.0,0.0,0.0,N/R,N/R,2008.0,0.0,0.0
Poland,74.7,55.7,74.4,111.5,166.7,129.2,184.6,73.4,165.9,239.6,2017.0,239.6,127.57000000000001
Portage Lake,N/R,N/R,N/R,N/R,N/R,N/R,0.0,N/R,0.0,0.0,2014.0,0.0,0.0
Porter,N/R,0.0,0.0,N/R,0.0,N/R,0.0,N/R,N/R,N/R,2009.0,0.0,0.0
Portland,28.5,24.3,30.2,33.2,34.5,45.0,43.1,44.5,43.8,43.8,2013.0,45.0,37.09
Pownal,N/R,526.7,N/R,N/R,N/R,467.9,599.2,N/R,718.5,N/R,2016.0,718.5,578.075
Prentiss Twp T7 R3 NBPP,0.0,N/R,0.0,0.0,0.0,0.0,0.0,0.0,0.0,0.0,2008.0,0.0,0.0
Presque Isle,N/R,N/R,N/R,N/R,N/R,N/R,0.0,N/R,0.0,10.9,2017.0,10.9,3.6333333333333333
Princeton,N/R,0.0,N/R,0.0,0.0,0.0,0.0,0.0,N/R,0.0,2009.0,0.0,0.0
Prospect,0.0,0.0,0.0,0.0,0.0,N/R,N/R,0.0,N/R,0.0,2008.0,0.0,0.0
Pukakon Twp,N/R,N/R,N/R,N/R,N/R,N/R,N/R,N/R,N/R,N/R,N/R,N/R,N/R
Randolph,N/R,0.0,0.0,N/R,0.0,0.0,N/R,0.0,N/R,0.0,2009.0,0.0,0.0
Rangeley,0.0,N/R,N/R,N/R,0.0,N/R,0.0,0.0,0.0,0.0,2008.0,0.0,0.0
Rangeley Plt,0.0,0.0,0.0,0.0,0.0,0.0,0.0,0.0,0.0,0.0,2008.0,0.0,0.0
Raymond,21.9,110.5,157.8,200.7,132.2,263.9,307.8,154.8,111.0,266.4,2014.0,307.8,172.7
Readfield,195.7,193.2,115.5,191.4,115.8,423.1,192.7,347.0,232.3,619.4,2017.0,619.4,262.61
Reed Plt,N/R,N/R,N/R,N/R,N/R,N/R,0.0,N/R,0.0,0.0,2014.0,0.0,0.0
Richmond,58.1,147.3,88.0,292.9,146.3,88.4,264.5,87.5,294.6,88.4,2016.0,294.6,155.6
Ripley,0.0,0.0,0.0,0.0,0.0,0.0,0.0,0.0,0.0,N/R,2008.0,0.0,0.0
Robbinston,N/R,0.0,N/R,0.0,0.0,0.0,0.0,0.0,0.0,N/R,2009.0,0.0,0.0
Rockland,176.0,109.9,82.2,177.5,110.3,69.2,96.1,233.8,138.9,125.0,2015.0,233.8,131.89000000000001
Rockport,369.0,265.8,240.2,333.8,453.2,241.5,421.1,507.5,178.7,297.8,2015.0,507.5,330.86
Rome,0.0,N/R,0.0,N/R,0.0,0.0,N/R,0.0,N/R,N/R,2008.0,0.0,0.0
Roque Bluffs,N/R,0.0,N/R,0.0,0.0,0.0,0.0,0.0,0.0,0.0,2009.0,0.0,0.0
Roxbury,0.0,0.0,0.0,0.0,0.0,0.0,0.0,0.0,0.0,0.0,2008.0,0.0,0.0
Rumford,16.1,0.0,17.1,0.0,17.5,17.6,53.2,17.8,18.2,18.2,2014.0,53.2,17.57
Sabattus,41.6,102.8,20.5,41.4,121.5,101.3,80.8,41.1,81.7,163.4,2017.0,163.4,79.61
Saco,83.9,54.5,37.9,53.5,42.8,48.1,52.8,47.6,36.7,47.2,2008.0,83.9,50.5
Saint Agatha,N/R,N/R,N/R,N/R,N/R,N/R,0.0,N/R,0.0,0.0,2014.0,0.0,0.0
Saint Albans,0.0,0.0,0.0,49.5,50.0,0.0,49.9,99.5,0.0,149.6,2017.0,149.6,39.85
Saint Francis,N/R,N/R,N/R,N/R,N/R,N/R,0.0,N/R,0.0,N/R,2014.0,0.0,0.0
Saint George,336.3,460.5,154.4,496.0,540.7,503.9,193.5,728.5,346.3,538.7,2015.0,728.5,429.88
Saint John Plt,N/R,N/R,N/R,N/R,N/R,N/R,0.0,N/R,0.0,0.0,2014.0,0.0,0.0
Sandy River Plt,0.0,0.0,0.0,0.0,0.0,0.0,0.0,0.0,0.0,0.0,2008.0,0.0,0.0
Sanford,64.9,38.3,43.3,57.7,71.7,52.5,89.6,56.9,42.6,89.9,2017.0,89.9,60.739999999999995
Sangerville,N/R,N/R,N/R,N/R,N/R,N/R,N/R,N/R,0.0,N/R,2016.0,0.0,0.0
Scarborough,74.3,47.6,26.4,36.8,52.8,52.8,72.6,40.4,72.2,61.9,2008.0,74.3,53.779999999999994
Searsmont,0.0,N/R,N/R,N/R,N/R,N/R,N/R,N/R,414.7,N/R,2016.0,414.7,207.35
Searsport,37.1,37.6,114.7,0.0,0.0,38.4,115.4,106.5,188.7,264.2,2017.0,264.2,90.26000000000002
Sebago,N/R,N/R,0.0,N/R,N/R,0.0,N/R,N/R,N/R,N/R,2010.0,0.0,0.0
Sebec,N/R,N/R,N/R,N/R,N/R,N/R,N/R,N/R,N/R,0.0,2017.0,0.0,0.0
Seboeis Plt,N/R,N/R,N/R,N/R,N/R,N/R,N/R,N/R,N/R,N/R,N/R,N/R,N/R
Seboomook Lake,N/R,N/R,N/R,N/R,N/R,N/R,N/R,N/R,N/R,N/R,N/R,N/R,N/R
Sedgwick,N/R,N/R,N/R,N/R,N/R,N/R,658.4,N/R,N/R,733.5,2017.0,733.5,695.95
Shapleigh,113.7,114.1,75.0,111.8,148.7,37.2,111.1,256.8,145.6,145.6,2015.0,256.8,125.96
Sherman,N/R,N/R,N/R,N/R,N/R,N/R,0.0,N/R,0.0,0.0,2014.0,0.0,0.0
Shirley,N/R,N/R,N/R,N/R,N/R,N/R,N/R,N/R,0.0,0.0,2016.0,0.0,0.0
Sidney,148.3,192.7,237.6,118.0,70.8,307.8,47.0,141.6,185.6,347.9,2017.0,347.9,179.73000000000002
Skowhegan,23.3,23.2,11.6,23.5,11.8,129.9,59.6,60.1,84.7,108.9,2013.0,129.9,53.660000000000004
Smithfield,0.0,0.0,0.0,0.0,0.0,N/R,0.0,N/R,0.0,588.8,2017.0,588.8,73.6
Smyrna,N/R,N/R,N/R,N/R,N/R,N/R,0.0,N/R,0.0,0.0,2014.0,0.0,0.0
Solon,N/R,0.0,0.0,0.0,N/R,0.0,0.0,N/R,0.0,0.0,2009.0,0.0,0.0
Somerville,0.0,0.0,N/R,0.0,N/R,N/R,N/R,0.0,N/R,0.0,2008.0,0.0,0.0
Sorrento,0.0,0.0,0.0,0.0,0.0,N/R,0.0,0.0,N/R,0.0,2008.0,0.0,0.0
South Aroostook,N/R,N/R,N/R,N/R,N/R,N/R,0.0,N/R,0.0,0.0,2014.0,0.0,0.0
South Berwick,237.8,295.0,166.2,232.7,164.0,136.1,189.9,188.3,106.5,79.9,2009.0,295.0,179.64000000000001
South Bristol,N/R,N/R,0.0,0.0,N/R,N/R,N/R,N/R,N/R,N/R,2010.0,0.0,0.0
South Franklin,0.0,0.0,0.0,0.0,0.0,0.0,0.0,0.0,0.0,0.0,2008.0,0.0,0.0
South Oxford,0.0,0.0,0.0,0.0,0.0,0.0,0.0,0.0,0.0,0.0,2008.0,0.0,0.0
South Portland,41.1,40.2,12.0,35.9,43.3,50.6,23.5,45.2,34.2,53.3,2017.0,53.3,37.93000000000001
South Thomaston,N/R,391.1,577.7,824.9,574.3,386.3,N/R,N/R,506.6,633.3,2011.0,824.9,556.3142857142857
Southport,0.0,0.0,0.0,0.0,N/R,0.0,N/R,N/R,0.0,0.0,2008.0,0.0,0.0
Southwest Harbor,0.0,0.0,N/R,N/R,N/R,N/R,N/R,N/R,N/R,398.6,2017.0,398.6,132.86666666666667
Springfield,0.0,N/R,0.0,0.0,0.0,0.0,0.0,0.0,0.0,0.0,2008.0,0.0,0.0
Square Lake,N/R,N/R,N/R,N/R,N/R,N/R,0.0,N/R,0.0,0.0,2014.0,0.0,0.0
Stacyville,0.0,N/R,0.0,0.0,0.0,0.0,0.0,0.0,0.0,N/R,2008.0,0.0,0.0
Standish,132.3,110.8,81.0,181.0,139.2,257.7,118.8,77.3,105.2,67.0,2013.0,257.7,127.03
Starks,0.0,0.0,0.0,0.0,0.0,0.0,N/R,N/R,0.0,N/R,2008.0,0.0,0.0
Stetson,0.0,N/R,0.0,0.0,0.0,0.0,N/R,N/R,N/R,N/R,2008.0,0.0,0.0
Steuben,N/R,N/R,N/R,N/R,N/R,0.0,0.0,N/R,N/R,N/R,2013.0,0.0,0.0
Stockholm,N/R,N/R,N/R,N/R,N/R,N/R,0.0,N/R,0.0,0.0,2014.0,0.0,0.0
Stockton Springs,N/R,0.0,N/R,N/R,N/R,378.1,N/R,N/R,N/R,436.7,2017.0,436.7,271.59999999999997
Stoneham,0.0,0.0,0.0,0.0,0.0,0.0,0.0,0.0,0.0,0.0,2008.0,0.0,0.0
Stonington,0.0,0.0,0.0,N/R,N/R,N/R,N/R,N/R,N/R,759.0,2017.0,759.0,189.75
Stow,0.0,0.0,0.0,N/R,0.0,0.0,0.0,0.0,0.0,N/R,2008.0,0.0,0.0
Strong,0.0,N/R,N/R,0.0,N/R,0.0,0.0,0.0,N/R,0.0,2008.0,0.0,0.0
Sullivan,0.0,N/R,0.0,0.0,0.0,0.0,0.0,N/R,N/R,0.0,2008.0,0.0,0.0
Sumner,0.0,0.0,0.0,0.0,0.0,N/R,N/R,0.0,N/R,N/R,2008.0,0.0,0.0
Surry,0.0,N/R,N/R,0.0,0.0,N/R,N/R,N/R,N/R,N/R,2008.0,0.0,0.0
Swans Island,0.0,0.0,N/R,N/R,0.0,N/R,N/R,N/R,N/R,N/R,2008.0,0.0,0.0
Swanville,N/R,N/R,N/R,N/R,0.0,N/R,N/R,0.0,N/R,N/R,2012.0,0.0,0.0
Sweden,0.0,0.0,0.0,N/R,N/R,0.0,0.0,0.0,0.0,0.0,2008.0,0.0,0.0
T3 R1 NBPP,N/R,N/R,N/R,N/R,N/R,N/R,N/R,N/R,N/R,N/R,N/R,N/R,N/R
T32 MD BPP,N/R,N/R,N/R,N/R,N/R,N/R,N/R,N/R,N/R,N/R,N/R,N/R,N/R
Talmadge,N/R,0.0,N/R,0.0,0.0,0.0,0.0,0.0,0.0,0.0,2009.0,0.0,0.0
Temple,0.0,0.0,N/R,0.0,0.0,0.0,0.0,0.0,0.0,0.0,2008.0,0.0,0.0
The Forks Plt,N/R,N/R,N/R,N/R,N/R,N/R,N/R,N/R,N/R,N/R,N/R,N/R,N/R
Thomaston,91.1,168.0,143.8,216.2,143.6,179.7,250.8,361.4,252.0,288.0,2015.0,361.4,209.45999999999998
Thorndike,0.0,0.0,0.0,0.0,N/R,N/R,N/R,N/R,N/R,N/R,2008.0,0.0,0.0
Topsfield,N/R,0.0,N/R,N/R,0.0,0.0,0.0,0.0,0.0,0.0,2009.0,0.0,0.0
Topsham,10.1,43.6,91.1,80.4,171.5,138.0,114.5,137.0,135.3,67.6,2012.0,171.5,98.91
Tremont,0.0,N/R,N/R,0.0,0.0,N/R,N/R,N/R,N/R,N/R,2008.0,0.0,0.0
Trenton,N/R,0.0,0.0,0.0,N/R,N/R,N/R,461.1,451.9,N/R,2015.0,461.1,182.6
Troy,0.0,0.0,0.0,0.0,0.0,N/R,0.0,N/R,N/R,N/R,2008.0,0.0,0.0
Turner,0.0,87.5,17.4,N/R,190.3,103.3,N/R,N/R,240.8,172.0,2016.0,240.8,115.89999999999999
Union,129.0,132.2,88.5,486.7,442.5,311.4,221.8,220.5,608.7,434.8,2016.0,608.7,307.61
Unity,0.0,48.5,0.0,47.3,47.3,283.3,47.0,184.9,138.8,370.0,2017.0,370.0,116.71
Unity Twp,N/R,N/R,N/R,N/R,N/R,N/R,N/R,N/R,N/R,N/R,N/R,N/R,N/R
Upton,0.0,0.0,0.0,0.0,0.0,0.0,0.0,0.0,0.0,0.0,2008.0,0.0,0.0
Van Buren,N/R,N/R,N/R,N/R,N/R,N/R,0.0,N/R,0.0,0.0,2014.0,0.0,0.0
Vanceboro,N/R,0.0,N/R,0.0,0.0,0.0,0.0,0.0,0.0,0.0,2009.0,0.0,0.0
Vassalboro,178.9,136.1,161.3,230.2,206.0,321.7,160.8,207.9,250.0,431.8,2017.0,431.8,228.47000000000003
Veazie,0.0,N/R,0.0,0.0,N/R,0.0,N/R,0.0,N/R,N/R,2008.0,0.0,0.0
Verona Island,0.0,0.0,N/R,0.0,0.0,N/R,N/R,N/R,0.0,N/R,2008.0,0.0,0.0
Vienna,0.0,0.0,N/R,0.0,0.0,0.0,0.0,N/R,0.0,N/R,2008.0,0.0,0.0
Vinalhaven,0.0,0.0,N/R,N/R,0.0,N/R,N/R,N/R,N/R,1269.0,2017.0,1269.0,317.25
Wade,N/R,N/R,N/R,N/R,N/R,N/R,0.0,N/R,0.0,0.0,2014.0,0.0,0.0
Waite,N/R,0.0,N/R,0.0,0.0,0.0,0.0,0.0,0.0,0.0,2009.0,0.0,0.0
Waldo,N/R,0.0,N/R,0.0,N/R,0.0,0.0,0.0,N/R,N/R,2009.0,0.0,0.0
Waldoboro,39.3,176.8,137.9,137.6,156.4,138.4,237.0,312.1,241.1,281.2,2015.0,312.1,185.78
Wales,0.0,N/R,0.0,N/R,N/R,N/R,N/R,N/R,N/R,N/R,2008.0,0.0,0.0
Wallagrass,N/R,N/R,N/R,N/R,N/R,N/R,0.0,N/R,0.0,0.0,2014.0,0.0,0.0
Waltham,0.0,0.0,0.0,0.0,0.0,0.0,N/R,0.0,0.0,0.0,2008.0,0.0,0.0
Warren,84.0,211.9,189.4,188.3,209.8,189.2,413.1,234.2,208.9,334.3,2014.0,413.1,226.31000000000003
Washburn,N/R,N/R,N/R,N/R,N/R,N/R,0.0,N/R,0.0,0.0,2014.0,0.0,0.0
Washington,N/R,N/R,N/R,N/R,N/R,N/R,524.6,N/R,N/R,456.9,2014.0,524.6,490.75
Waterboro,39.6,78.2,39.0,140.5,101.3,114.7,101.3,50.4,134.1,97.6,2011.0,140.5,89.67
Waterford,0.0,0.0,0.0,0.0,N/R,N/R,N/R,N/R,0.0,N/R,2008.0,0.0,0.0
Waterville,25.4,0.0,44.5,38.5,38.2,32.2,51.2,19.6,52.2,104.4,2017.0,104.4,40.620000000000005
Wayne,N/R,N/R,N/R,N/R,N/R,N/R,N/R,N/R,N/R,524.9,2017.0,524.9,524.9
Webster Plt,0.0,N/R,0.0,0.0,0.0,0.0,0.0,0.0,0.0,0.0,2008.0,0.0,0.0
Weld,0.0,N/R,0.0,0.0,0.0,0.0,0.0,0.0,0.0,N/R,2008.0,0.0,0.0
Wellington,N/R,N/R,N/R,N/R,N/R,N/R,N/R,N/R,0.0,0.0,2016.0,0.0,0.0
Wells,256.6,146.5,73.0,146.6,114.1,114.9,185.3,104.0,123.6,82.4,2008.0,256.6,134.7
Wesley,N/R,0.0,N/R,0.0,0.0,0.0,0.0,0.0,0.0,0.0,2009.0,0.0,0.0
West Bath,N/R,N/R,0.0,0.0,N/R,0.0,321.9,N/R,N/R,N/R,2014.0,321.9,80.475
West Central Franklin,N/R,N/R,N/R,N/R,N/R,N/R,N/R,N/R,N/R,N/R,N/R,N/R,N/R
West Forks Plt,N/R,0.0,0.0,0.0,0.0,0.0,0.0,0.0,0.0,0.0,2009.0,0.0,0.0
West Gardiner,264.3,149.6,57.6,114.7,143.7,173.2,86.7,114.3,56.8,312.4,2017.0,312.4,147.32999999999998
West Paris,0.0,0.0,0.0,N/R,0.0,0.0,N/R,0.0,N/R,0.0,2008.0,0.0,0.0
Westbrook,36.8,87.7,34.3,57.2,34.2,107.4,50.4,38.7,43.9,109.8,2017.0,109.8,60.04
Westfield,N/R,N/R,N/R,N/R,N/R,N/R,0.0,N/R,0.0,N/R,2014.0,0.0,0.0
Westmanland,N/R,N/R,N/R,N/R,N/R,N/R,0.0,N/R,0.0,0.0,2014.0,0.0,0.0
Weston,N/R,N/R,N/R,N/R,N/R,N/R,0.0,N/R,0.0,0.0,2014.0,0.0,0.0
Westport Island,0.0,N/R,0.0,N/R,0.0,N/R,N/R,N/R,N/R,N/R,2008.0,0.0,0.0
Whitefield,220.6,262.0,87.0,346.0,260.3,303.2,174.2,260.4,299.7,342.5,2011.0,346.0,255.58999999999997
Whiting,N/R,0.0,N/R,0.0,0.0,0.0,0.0,0.0,N/R,N/R,2009.0,0.0,0.0
Whitneyville,N/R,0.0,N/R,0.0,0.0,0.0,0.0,0.0,0.0,0.0,2009.0,0.0,0.0
Willimantic,N/R,N/R,N/R,N/R,N/R,N/R,N/R,N/R,0.0,0.0,2016.0,0.0,0.0
Wilton,0.0,96.9,24.3,0.0,N/R,0.0,N/R,25.0,0.0,49.8,2009.0,96.9,24.5
Windham,100.9,164.1,70.6,145.6,145.1,195.4,193.6,150.6,204.2,165.6,2016.0,204.2,153.57
Windsor,255.3,160.9,233.0,154.9,308.4,192.5,192.2,155.2,231.0,77.0,2012.0,308.4,196.04000000000002
Winn,0.0,N/R,0.0,0.0,0.0,0.0,0.0,0.0,0.0,0.0,2008.0,0.0,0.0
Winslow,51.4,76.8,12.8,64.2,90.4,91.0,78.3,118.5,79.0,118.5,2015.0,118.5,78.09
Winter Harbor,0.0,0.0,0.0,0.0,0.0,0.0,0.0,0.0,N/R,0.0,2008.0,0.0,0.0
Winterport,0.0,0.0,79.9,0.0,26.6,0.0,79.3,99.5,0.0,129.8,2017.0,129.8,41.510000000000005
Winterville Plt,N/R,N/R,N/R,N/R,N/R,N/R,0.0,N/R,0.0,N/R,2014.0,0.0,0.0
Winthrop,142.4,211.1,98.5,133.2,116.7,318.0,202.3,206.8,369.9,269.0,2016.0,369.9,206.79000000000002
Wiscasset,133.3,133.5,53.6,53.8,108.0,26.8,53.9,134.8,264.5,79.3,2016.0,264.5,104.15
Woodland,N/R,N/R,N/R,N/R,N/R,N/R,0.0,N/R,0.0,0.0,2014.0,0.0,0.0
Woodstock,0.0,N/R,0.0,0.0,0.0,N/R,0.0,0.0,0.0,N/R,2008.0,0.0,0.0
Woodville,0.0,N/R,0.0,0.0,0.0,0.0,0.0,0.0,0.0,0.0,2008.0,0.0,0.0
Woolwich,202.2,133.2,97.7,163.1,N/R,N/R,228.5,N/R,391.0,260.7,2016.0,391.0,210.91428571428574
Wyman Twp,0.0,0.0,0.0,0.0,0.0,0.0,0.0,0.0,0.0,0.0,2008.0,0.0,0.0
Yarmouth,87.1,157.1,47.9,84.5,144.2,154.9,142.3,96.5,177.7,130.3,2016.0,177.7,122.25
York,295.7,368.0,151.6,142.8,150.8,118.7,206.2,119.7,103.2,103.2,2009.0,368.0,175.99
